theta_deg,point,x,y
0,O,0.0,0.0
0,C,0.0,100.0
0,A,40.0,0.0
0,B,94.88509962731645,95.32903985092656
0,D,144.7806447430587,181.9918033517689
0,E,210.0,244.01144298204153
10,O,0.0,0.0
10,C,0.0,100.0
10,A,39.39231012048832,6.945927106677213
10,B,94.98167187655245,101.86601380887865
10,D,145.51745529115618,188.15700171997082
10,E,210.0,250.94236170039903
20,O,0.0,0.0
20,C,0.0,100.0
20,A,37.58770483143634,13.680805733026748
20,B,94.6874276484448,107.70006787765755
20,D,146.59626657299793,193.17212437277644
20,E,210.0,257.04674051657537
30,O,0.0,0.0
30,C,0.0,100.0
30,A,34.64101615137755,19.999999999999996
30,B,94.1743791304315,112.49745235629038
30,D,148.29561820229873,196.58604540746344
30,E,210.0,262.10374734337927
40,O,0.0,0.0
40,C,0.0,100.0
40,A,30.64177772475912,25.71150438746157
40,B,93.66557836305894,115.86692881164052
40,D,150.95994257969514,197.82640556089407
40,E,210.0,265.75483569001676
50,O,0.0,0.0
50,C,0.0,100.0
50,A,25.711504387461574,30.64177772475912
50,B,93.40267447230335,117.34763388537276
50,D,154.94010182215953,196.17113948593064
50,E,210.0,267.36388920558846
60,O,0.0,0.0
60,C,0.0,100.0
60,A,20.000000000000004,34.64101615137754
60,B,93.570687743659,116.41725906412711
60,D,160.45313114698533,190.7592980757176
60,E,210.0,265.89323040234456
70,O,0.0,0.0
70,C,0.0,100.0
70,A,13.680805733026753,37.587704831436334
70,B,94.16472900539553,112.56995669604396
70,D,167.33193198027624,180.73564020932363
70,E,210.0,259.97853245502745
80,O,0.0,0.0
80,C,0.0,100.0
80,A,6.945927106677217,39.39231012048832
80,B,94.83861046776907,105.535157138037
80,D,174.74104988694344,165.66501806308122
80,E,210.0,248.4708538291973
90,O,0.0,0.0
90,C,0.0,100.0
90,A,2.4492935982947065e-15,40.0
90,B,94.89920639815699,95.625
90,D,181.17121221466334,146.1931818181818
90,E,210.0,231.45103186630362
100,O,0.0,0.0
100,C,0.0,100.0
100,A,-6.945927106677212,39.39231012048832
100,B,93.63190354138673,83.93554734152299
100,D,185.0662950396267,124.42939936064542
100,E,210.0,210.9066238590592
110,O,0.0,0.0
110,C,0.0,100.0
110,A,-13.680805733026748,37.58770483143634
110,B,90.78861397021976,72.02809314032348
110,D,185.7608137004439,103.3375370574936
110,E,210.0,190.01199608398775
120,O,0.0,0.0
120,C,0.0,100.0
120,A,-19.999999999999993,34.64101615137755
120,B,86.73478777441159,61.24336715183087
120,D,183.76641302387668,85.42732260678844
120,E,210.0,171.5191277589989
130,O,0.0,0.0
130,C,0.0,100.0
130,A,-25.711504387461574,30.64177772475912
130,B,82.14073394831618,52.272651169042135
130,D,180.18822334447782,71.93708157293578
130,E,210.0,156.8562076438114
140,O,0.0,0.0
140,C,0.0,100.0
140,A,-30.641777724759116,25.71150438746158
140,B,77.61467344239618,45.21895887781792
140,D,176.02962904890094,62.95300841450549
140,E,210.0,146.29575793385317
150,O,0.0,0.0
150,C,0.0,100.0
150,A,-34.64101615137755,19.999999999999996
150,B,73.54930043503896,39.87096869634119
150,D,171.90413369541756,57.93548569301498
150,E,210.0,139.47507712259832
160,O,0.0,0.0
160,C,0.0,100.0
160,A,-37.587704831436334,13.680805733026755
160,B,70.13946713866898,35.92617422454333
160,D,168.07325983876473,56.149236489558405
160,E,210.0,135.78684355715092
170,O,0.0,0.0
170,C,0.0,100.0
170,A,-39.39231012048832,6.945927106677211
170,B,67.45240683315377,33.10326755053942
170,D,164.58396770010108,56.88266795405051
170,E,210.0,134.5832729075162
180,O,0.0,0.0
180,C,0.0,100.0
180,A,-40.0,4.898587196589413e-15
180,B,65.48854790317851,31.179580838728597
180,D,161.38722781515898,59.52465432848187
180,E,210.0,135.26630984580436
190,O,0.0,0.0
190,C,0.0,100.0
190,A,-39.39231012048832,-6.945927106677219
190,B,64.2196560652886,29.99403043414054
190,D,158.41235259781308,63.575810016702135
190,E,210.0,137.32345157565396
200,O,0.0,0.0
200,C,0.0,100.0
200,A,-37.58770483143634,-13.680805733026746
200,B,63.60876429873015,29.438501260329023
200,D,155.60555441706333,68.63787125428883
200,E,210.0,140.34034185136755
210,O,0.0,0.0
210,C,0.0,100.0
210,A,-34.64101615137754,-20.000000000000004
210,B,63.618619348879626,29.447386496726015
210,D,152.9455607127498,74.39955603920421
210,E,210.0,144.00408863311998
220,O,0.0,0.0
220,C,0.0,100.0
220,A,-30.64177772475912,-25.71150438746157
220,B,64.21349573615278,29.98837978347388
220,D,150.44556251879996,80.6246381206879
220,E,210.0,148.10255285060407
230,O,0.0,0.0
230,C,0.0,100.0
230,A,-25.71150438746158,-30.641777724759116
230,B,65.35726560942348,31.054892616957424
230,D,148.14705651568264,87.14277474579066
230,E,210.0,152.5202432064602
240,O,0.0,0.0
240,C,0.0,100.0
240,A,-20.000000000000018,-34.641016151377535
240,B,67.00940717743076,32.65952665945022
240,D,146.10886824782236,93.84183830565726
240,E,210.0,157.22892913199095
250,O,0.0,0.0
250,C,0.0,100.0
250,A,-13.680805733026741,-37.58770483143634
250,B,69.12010113428117,34.82783094612592
250,D,144.39365283183383,100.66013619845528
250,E,210.0,162.27025883467516
260,O,0.0,0.0
260,C,0.0,100.0
260,A,-6.945927106677213,-39.39231012048832
260,B,71.6254489695329,37.59170680179729
260,D,143.05397267517847,107.57717673114784
260,E,210.0,167.728896784894
270,O,0.0,0.0
270,C,0.0,100.0
270,A,-7.347880794884118e-15,-40.0
270,B,74.44388852192841,40.982142857142854
270,D,142.12015081459063,114.60227272727272
270,E,210.0,173.69817846164725
280,O,0.0,0.0
280,C,0.0,100.0
280,A,6.945927106677199,-39.392310120488325
280,B,77.47484567116022,45.02138335470869
280,D,141.59204436614482,121.76110469579692
280,E,210.0,180.2448768552302
290,O,0.0,0.0
290,C,0.0,100.0
290,A,13.680805733026759,-37.587704831436334
290,B,80.60038967196137,49.715040173745976
290,D,141.43637507099282,129.081171996639
290,E,210.0,187.38236698091376
300,O,0.0,0.0
300,C,0.0,100.0
300,A,20.000000000000004,-34.64101615137754
300,B,83.69014306770276,55.044911819601026
300,D,141.59027312925073,136.5775736113997
300,E,210.0,195.05927390704335
310,O,0.0,0.0
310,C,0.0,100.0
310,A,25.71150438746157,-30.641777724759123
310,B,86.60908529623849,60.96326929481817
310,D,141.9705224860357,144.24058476716115
310,E,210.0,203.16418096746978
320,O,0.0,0.0
320,C,0.0,100.0
320,A,30.641777724759113,-25.711504387461584
320,B,89.22740503392018,67.38910932046237
320,D,142.48706622406664,152.02603087312053
320,E,210.0,211.54076663634507
330,O,0.0,0.0
330,C,0.0,100.0
330,A,34.641016151377535,-20.000000000000018
330,B,91.43135827811065,74.20645965712012
330,D,143.0589420296862,159.8486957090475
330,E,210.0,220.00594596049336
340,O,0.0,0.0
340,C,0.0,100.0
340,A,37.58770483143634,-13.680805733026745
340,B,93.13418584702724,81.26438080523121
340,D,143.63098677029168,167.5781867491021
340,E,210.0,228.36596580801165
350,O,0.0,0.0
350,C,0.0,100.0
350,A,39.39231012048832,-6.945927106677216
350,B,94.2864119118702,88.37792923850745
350,D,144.19014081312648,175.03598046140263
350,E,210.0,236.42867085532396
360,O,0.0,0.0
360,C,0.0,100.0
360,A,40.0,-9.797174393178826e-15
360,B,94.88509962731645,95.32903985092656
360,D,144.7806447430587,181.9918033517689
360,E,210.0,244.01144298204153
