theta_deg,stroke,cam_x,cam_y,tip_x,tip_y
0,0.0,0.0,40.0,0.0,40.0
10,1.339745962155613,7.178571551542163,40.71170233108597,0.0,41.33974596215561
20,4.999999999999999,15.390906449655093,42.28616793536588,0.0,45.0
30,9.999999999999996,24.999999999999996,43.30127018922194,0.0,50.0
40,14.999999999999998,35.35331853275966,42.13244437154379,0.0,55.0
50,18.66025403784439,44.936361637638285,37.706084476591165,0.0,58.66025403784439
60,20.0,51.96152422706631,30.000000000000007,0.0,60.0
70,20.0,56.3815572471545,20.52120859954013,0.0,60.0
80,20.0,59.088465180732484,10.418890660015824,0.0,60.0
90,17.071067811865476,57.071067811865476,3.4945950259861295e-15,0.0,57.071067811865476
100,10.0,49.2403876506104,-8.682408883346515,0.0,50.0
110,2.9289321881345254,40.34000079540867,-14.682559539803684,0.0,42.928932188134524
120,0.0,34.64101615137755,-19.999999999999993,0.0,40.0
130,0.0,30.64177772475912,-25.711504387461574,0.0,40.0
140,0.0,25.71150438746158,-30.641777724759116,0.0,40.0
150,0.0,19.999999999999996,-34.64101615137755,0.0,40.0
160,0.0,13.680805733026755,-37.587704831436334,0.0,40.0
170,0.0,6.945927106677211,-39.39231012048832,0.0,40.0
180,0.0,4.898587196589413e-15,-40.0,0.0,40.0
190,0.0,-6.945927106677219,-39.39231012048832,0.0,40.0
200,0.0,-13.680805733026746,-37.58770483143634,0.0,40.0
210,0.0,-20.000000000000004,-34.64101615137754,0.0,40.0
220,0.0,-25.71150438746157,-30.64177772475912,0.0,40.0
230,0.0,-30.641777724759116,-25.71150438746158,0.0,40.0
240,0.0,-34.641016151377535,-20.000000000000018,0.0,40.0
250,0.0,-37.58770483143634,-13.680805733026741,0.0,40.0
260,0.0,-39.39231012048832,-6.945927106677213,0.0,40.0
270,0.0,-40.0,-7.347880794884118e-15,0.0,40.0
280,0.0,-39.392310120488325,6.945927106677199,0.0,40.0
290,0.0,-37.587704831436334,13.680805733026759,0.0,40.0
300,0.0,-34.64101615137754,20.000000000000004,0.0,40.0
310,0.0,-30.641777724759123,25.71150438746157,0.0,40.0
320,0.0,-25.711504387461584,30.641777724759113,0.0,40.0
330,0.0,-20.000000000000018,34.641016151377535,0.0,40.0
340,0.0,-13.680805733026745,37.58770483143634,0.0,40.0
350,0.0,-6.945927106677216,39.39231012048832,0.0,40.0
360,0.0,-9.797174393178826e-15,40.0,0.0,40.0
